mengxun12130,123456,1
mengxun12131,123456,2
mengxun12132,123456,3
mengxun12133,123456,4
mengxun12134,123456,5
mengxun12135,123456,6
mengxun12136,123456,1
mengxun12137,123456,2
mengxun12138,123456,3
mengxun12139,123456,4
mengxun12140,123456,5
mengxun12141,123456,6
mengxun12142,123456,1
mengxun12143,123456,2
mengxun12144,123456,3
mengxun12145,123456,4
mengxun12146,123456,5
mengxun12147,123456,6
mengxun12148,123456,1
mengxun12149,123456,2
mengxun12150,123456,3
mengxun12151,123456,4
mengxun12152,123456,5
mengxun12153,123456,6
mengxun12154,123456,1
mengxun12155,123456,2
mengxun12156,123456,3
mengxun12157,123456,4
mengxun12158,123456,5
mengxun12159,123456,6
mengxun12160,123456,1
mengxun12161,123456,2
mengxun12162,123456,3
mengxun12163,123456,4
mengxun12164,123456,5
mengxun12165,123456,6
mengxun12166,123456,1
mengxun12167,123456,2
mengxun12168,123456,3
mengxun12169,123456,4
mengxun12170,123456,5
mengxun12171,123456,6
mengxun12172,123456,1
mengxun12173,123456,2
mengxun12174,123456,3
mengxun12175,123456,4
mengxun12176,123456,5
mengxun12177,123456,6
mengxun12178,123456,1
mengxun12179,123456,2
mengxun12180,123456,3
mengxun12181,123456,4
mengxun12182,123456,5
mengxun12183,123456,6
mengxun12184,123456,1
mengxun12185,123456,2
mengxun12186,123456,3
mengxun12187,123456,4
mengxun12188,123456,5
mengxun12189,123456,6
mengxun12190,123456,1
mengxun12191,123456,2
mengxun12192,123456,3
mengxun12193,123456,4
mengxun12194,123456,5
mengxun12195,123456,6
mengxun12196,123456,1
mengxun12197,123456,2
mengxun12198,123456,3
mengxun12199,123456,4
mengxun12200,123456,5
mengxun12201,123456,6
mengxun12202,123456,1
mengxun12203,123456,2
mengxun12204,123456,3
mengxun12205,123456,4
mengxun12206,123456,5
mengxun12207,123456,6
mengxun12208,123456,1
mengxun12209,123456,2
mengxun12210,123456,3
mengxun12211,123456,4
mengxun12212,123456,5
mengxun12213,123456,6
mengxun12214,123456,1
mengxun12215,123456,2
mengxun12216,123456,3
mengxun12217,123456,4
mengxun12218,123456,5
mengxun12219,123456,6
mengxun12220,123456,1
mengxun12221,123456,2
mengxun12222,123456,3
mengxun12223,123456,4
mengxun12224,123456,5
mengxun12225,123456,6
mengxun12226,123456,1
mengxun12227,123456,2
mengxun12228,123456,3
mengxun12229,123456,4
mengxun12230,123456,5
mengxun12231,123456,6
mengxun12232,123456,1
mengxun12233,123456,2
mengxun12234,123456,3
mengxun12235,123456,4
mengxun12236,123456,5
mengxun12237,123456,6
mengxun12238,123456,1
mengxun12239,123456,2
mengxun12240,123456,3
mengxun12241,123456,4
mengxun12242,123456,5
mengxun12243,123456,6
mengxun12244,123456,1
mengxun12245,123456,2
mengxun12246,123456,3
mengxun12247,123456,4
mengxun12248,123456,5
mengxun12249,123456,6
mengxun12250,123456,1
mengxun12251,123456,2
mengxun12252,123456,3
mengxun12253,123456,4
mengxun12254,123456,5
mengxun12255,123456,6
mengxun12256,123456,1
mengxun12257,123456,2
mengxun12258,123456,3
mengxun12259,123456,4
mengxun12260,123456,5
mengxun12261,123456,6
mengxun12262,123456,1
mengxun12263,123456,2
mengxun12264,123456,3
mengxun12265,123456,4
mengxun12266,123456,5
mengxun12267,123456,6
mengxun12268,123456,1
mengxun12269,123456,2
mengxun12270,123456,3
mengxun12271,123456,4
mengxun12272,123456,5
mengxun12273,123456,6
mengxun12274,123456,1
mengxun12275,123456,2
mengxun12276,123456,3
mengxun12277,123456,4
mengxun12278,123456,5
mengxun12279,123456,6
mengxun12280,123456,1
mengxun12281,123456,2
mengxun12282,123456,3
mengxun12283,123456,4
mengxun12284,123456,5
mengxun12285,123456,6
mengxun12286,123456,1
mengxun12287,123456,2
mengxun12288,123456,3
mengxun12289,123456,4
mengxun12290,123456,5
mengxun12291,123456,6
mengxun12292,123456,1
mengxun12293,123456,2
mengxun12294,123456,3
mengxun12295,123456,4
mengxun12296,123456,5
mengxun12297,123456,6
mengxun12298,123456,1
mengxun12299,123456,2
mengxun12300,123456,3
mengxun12301,123456,4
mengxun12302,123456,5
mengxun12303,123456,6
mengxun12304,123456,1
mengxun12305,123456,2
mengxun12306,123456,3
mengxun12307,123456,4
mengxun12308,123456,5
mengxun12309,123456,6
mengxun12310,123456,1
mengxun12311,123456,2
mengxun12312,123456,3
mengxun12313,123456,4
mengxun12314,123456,5
mengxun12315,123456,6
mengxun12316,123456,1
mengxun12317,123456,2
mengxun12318,123456,3
mengxun12319,123456,4
mengxun12320,123456,5
mengxun12321,123456,6
mengxun12322,123456,1
mengxun12323,123456,2
mengxun12324,123456,3
mengxun12325,123456,4
mengxun12326,123456,5
mengxun12327,123456,6
mengxun12328,123456,1
mengxun12329,123456,2
