mengxun9821001,123456,1
mengxun9821002,123457,2
mengxun9821003,123458,3
mengxun9821004,123459,4
mengxun9821005,123460,5
mengxun9821006,123461,6
mengxun9821007,123462,7
mengxun9821008,123463,8
mengxun9821009,123464,9
mengxun9821010,123465,10
mengxun9821011,123466,11
mengxun9821012,123467,12
mengxun9821013,123468,1
mengxun9821014,123469,2
mengxun9821015,123470,3
mengxun9821016,123471,4
mengxun9821017,123472,5
mengxun9821018,123473,6
mengxun9821019,123474,7
mengxun9821020,123475,8
mengxun9821021,123476,9
mengxun9821022,123477,10
mengxun9821023,123478,11
mengxun9821024,123479,12
mengxun9821025,123480,1
mengxun9821026,123481,2
mengxun9821027,123482,3
mengxun9821028,123483,4
mengxun9821029,123484,5
mengxun9821030,123485,6
mengxun9821031,123486,7
mengxun9821032,123487,8
mengxun9821033,123488,9
mengxun9821034,123489,10
mengxun9821035,123490,11
mengxun9821036,123491,12
mengxun9821037,123492,1
mengxun9821038,123493,2
mengxun9821039,123494,3
mengxun9821040,123495,4
mengxun9821041,123496,5
mengxun9821042,123497,6
mengxun9821043,123498,7
mengxun9821044,123499,8
mengxun9821045,123500,9
mengxun9821046,123501,10
mengxun9821047,123502,11
mengxun9821048,123503,12
mengxun9821049,123504,1
mengxun9821050,123505,2
mengxun9821051,123506,3
mengxun9821052,123507,4
mengxun9821053,123508,5
mengxun9821054,123509,6
mengxun9821055,123510,7
mengxun9821056,123511,8
mengxun9821057,123512,9
mengxun9821058,123513,10
mengxun9821059,123514,11
mengxun9821060,123515,12
mengxun9821061,123516,1
mengxun9821062,123517,2
mengxun9821063,123518,3
mengxun9821064,123519,4
mengxun9821065,123520,5
mengxun9821066,123521,6
mengxun9821067,123522,7
mengxun9821068,123523,8
mengxun9821069,123524,9
mengxun9821070,123525,10
mengxun9821071,123526,11
mengxun9821072,123527,12
mengxun9821073,123528,1
mengxun9821074,123529,2
mengxun9821075,123530,3
mengxun9821076,123531,4
mengxun9821077,123532,5
mengxun9821078,123533,6
mengxun9821079,123534,7
mengxun9821080,123535,8
mengxun9821081,123536,9
mengxun9821082,123537,10
mengxun9821083,123538,11
mengxun9821084,123539,12
mengxun9821085,123540,1
mengxun9821086,123541,2
mengxun9821087,123542,3
mengxun9821088,123543,4
mengxun9821089,123544,5
mengxun9821090,123545,6
mengxun9821091,123546,7
mengxun9821092,123547,8
mengxun9821093,123548,9
mengxun9821094,123549,10
mengxun9821095,123550,11
mengxun9821096,123551,12
mengxun9821097,123552,1
mengxun9821098,123553,2
mengxun9821099,123554,3
mengxun9821100,123555,4
